lat,lng,speed,time_in_zone,activity_type,is_anomaly
18.861663446573512,95.57071488588757,43.919636508684306,72.24035961944736,2,0
20.929149832754142,70.89927255872209,27.55493351795203,40.7113247255436,2,0
8.59695033457827,96.12738571269784,49.94655844802531,26.26835417071486,0,0
25.906963779203778,85.73794165416015,0.42397831318304435,3.744428579928475,2,0
25.743733946949003,72.04532195890921,17.52867891211309,44.59705935194931,1,0
10.627586601451803,85.93319427065953,22.947719476029764,118.00447541100779,0,0
9.347061968879935,85.61880070514171,10.231447421237492,8.741139565248263,0,0
36.00332895916222,91.44352309537737,18.27682615040224,12.62298156675968,2,0
27.81464204593829,85.68990307569601,49.99169470416986,21.630393767424877,0,0
15.504619466400491,87.21314624626548,18.702664565364657,62.888094520159484,1,0
24.46330950677975,68.9080854812112,50.53708647569991,54.520741871002116,1,0
33.94999316240182,85.33909938552146,55.31245410138701,11.53060774417842,2,0
23.104193540748888,95.87398870613113,50.67203092068908,89.93109310634833,2,0
32.03338776540595,78.34584647411408,16.856070581242847,65.58083389583157,0,0
16.59193166541839,72.79274123282707,0.9381844044716359,51.384776204057985,0,0
13.762754764491,68.16014139658446,48.92768570729005,85.11602391786644,2,0
30.915090675404965,85.57283926864933,55.57805271080094,78.47816603473139,2,0
32.65111875590418,81.0340695500079,5.724606989424679,45.1273720115937,1,0
17.430316338775665,89.15857917180386,38.253448281312785,106.57831636658285,0,0
19.104879367859905,96.17965076628401,50.93482945596503,86.88581301861991,2,0
30.358048218682267,82.32007229456732,31.363969762919645,51.877381184667406,1,0
20.740758554107334,73.84985686772649,53.74581574041116,57.5690565586713,0,0
22.74855004377638,94.31942774385669,14.957533748932496,49.835567841239936,2,0
13.888775517308313,95.34275354618146,35.93192798931216,83.67940703172485,1,0
26.106267395880003,76.57337688929371,6.3296555898162365,55.32761388746632,1,0
33.61512750864718,77.40600560915294,7.3252772820404015,43.399442731160015,1,0
11.191505811302626,74.6101197137163,25.62646731757538,98.34375714477667,0,0
16.838656486582842,72.77501974114531,32.045365162526515,58.694766591719,0,0
11.4760956526768,77.7908399707052,56.57458223475115,39.46114891046987,0,0
19.711248960683186,69.88187516616047,15.234924836060681,30.378251477793544,2,0
22.42020667087918,76.72547098468632,17.090429662648056,5.389546735189403,0,0
36.32183371914694,79.92007338622871,1.9830439740329031,42.06347851517528,0,0
14.947294829342201,72.20195129064547,29.367165616653782,118.29240403916148,2,0
27.49193087477048,90.0869688445328,14.25825263954398,87.65774548481129,0,0
26.336869087213806,86.37236161206594,32.14648104448551,11.744482636474588,0,0
12.370808774997455,82.73776452548084,41.748768407452914,103.14469777283266,2,0
14.3869903794009,88.62333644070252,48.570062768382925,42.4912524877158,2,0
13.05662644114475,88.03719440497152,23.204120778032244,112.47086865967141,0,0
27.59501339413914,89.32126745798239,12.544297244262822,65.43230888548034,1,0
15.480307203739512,87.13953733499119,49.03333201207295,67.06889658033602,0,0
15.0137164361131,70.69998026637107,53.83294547719961,108.14974880243632,2,0
13.472506141900002,76.08726922517327,42.021469798366276,101.7526759263584,1,0
30.616390829871094,86.61891773847435,5.04839789970293,20.23381697725904,1,0
27.40065938671263,84.83991202165718,22.336965993704585,112.87587965247563,0,0
8.146785931540341,72.66343349110745,32.924027361995165,83.33552852543049,0,0
14.503809974356233,88.65319741907854,14.234945249808003,39.72256408095286,2,0
28.907257803311747,76.93376296371929,32.55241383329396,61.54887514381244,1,0
15.690868662770038,75.07569965799343,58.380633285146736,47.77862923534449,1,0
34.27686484383807,80.59743659980244,21.00470446168054,77.76730008163722,2,0
22.283013120747054,73.6620466461433,43.34712691569032,34.41191113046184,2,0
30.288066414882962,69.26450938087858,59.67303064784046,56.923397164922214,1,0
34.531067316393006,78.73460230740788,0.9273969917320457,111.46990894793932,0,0
24.03018403822921,84.59648160595431,58.81989502296274,9.966204464729257,0,0
19.167834129455834,92.68296347398885,19.01532030937666,21.169636855645006,0,0
19.446052537474692,92.48218108106303,55.80101008864991,9.379519571095724,1,0
25.835209574275922,96.71156165302364,8.405040914191442,62.681228631284675,1,0
17.353972162919415,92.61142405281555,8.197279886521729,85.36040863230411,2,0
16.51416348367031,91.4714735088769,48.60680368075084,104.18160591103234,0,0
10.366231231606971,68.15036102044562,37.67366489691816,24.118600467933028,1,0
31.07798741364693,93.81015491270942,20.27970941109215,45.69437136415334,1,0
20.715749567524522,87.48875792356078,19.689160048483917,19.44995239060156,1,0
16.30969631172025,85.1341645565013,1.8300149963429657,5.444434461156516,1,0
16.79469992552346,83.57539038870301,19.599074507762452,99.51641145072306,0,0
21.260689686798127,92.41866917534746,11.662802039692382,49.95111470174475,2,0
26.48546714344799,89.05664867795718,58.55112476775208,62.439741447842245,1,0
9.190957986268398,79.56580614189905,26.011244254844524,89.54107451689472,1,0
8.735171559048268,95.91680402565983,50.15880723073235,83.82093052515006,0,0
9.687614269744865,94.54119810116794,26.541133783866265,29.534695739730985,1,0
28.72328175830181,87.1457239248142,16.79603381675657,114.6289683989201,2,0
27.05622852650484,80.63451406165885,43.80235899370911,6.678219195306206,1,0
18.323207680886586,89.97753720346671,0.8636093177853521,14.812644220323032,0,0
10.730552659788243,77.03098597234754,58.77063171729051,21.864302116831286,1,0
30.137568267113416,91.4004763344726,20.77825926536405,56.296183739813756,0,0
19.556637297523828,85.85965284351428,38.10561905205863,6.391177162873298,2,0
8.443831668421158,95.069652934305,30.06239303491555,65.18591635960745,0,0
12.725098385361461,70.04649367461246,38.54515669237894,4.154845954452996,2,0
31.227529545789594,87.63788192910647,34.402022500316,16.29154203483531,0,0
23.822886890162113,95.30247945451923,23.166158268046456,115.38167709504579,1,0
13.993846436425617,75.94487269231288,12.875347182502448,45.893830904129125,0,0
10.738845861921924,87.80719642907435,4.27131890761374,38.95810000495759,1,0
27.766796400210904,77.87811251446296,15.641671694154187,60.028457060915336,1,0
28.20537779556037,86.23934255661663,52.64832081162318,88.4734542126624,0,0
36.05983599408718,83.89118461419453,25.408256538487112,68.65391376624504,2,0
36.72464911801953,79.96591263043138,22.32108514756699,93.39314232829763,2,0
34.99196244250338,92.89396980344733,25.739641642501102,90.35365706718818,0,0
14.908848419715405,78.95413769911255,32.059648411833805,60.090781691286246,0,0
17.281438429887743,93.97017362638982,23.352100724049787,2.2896805261555047,0,0
32.56715117877211,78.2922505234189,57.40805310758738,81.5356186264921,2,0
22.297744075382344,70.41524792466252,5.5022488355088655,72.69047018223316,2,0
14.16910895570264,95.43964174356901,46.877763028272156,14.502287640076313,0,0
22.33818883637486,69.66920404048268,32.97173293942413,53.542129663431865,2,0
23.831557334784677,88.46911303248214,58.11911663844809,82.87557121082965,1,0
25.92832383617157,70.93255760756092,5.046408366899846,84.41532664363528,1,0
19.502896456673305,93.86501035452652,8.79628930152153,62.085814074394754,1,0
36.612547776534086,78.85385307692749,22.238528824013454,97.7231485036428,2,0
34.32311748410784,85.16477342581724,21.013094802018813,85.27356227440077,2,0
30.537260561895668,84.19372324233835,25.45332055481858,108.85617182627358,2,0
20.59910349015987,75.35678304232103,24.312125206885028,69.00528999939627,0,0
31.8609202044241,89.58213805135564,40.86236562581454,29.26327008380392,0,0
18.87124680618742,76.28565050217397,52.115947691367616,27.607904783814863,1,0
31.26116822177529,96.35911939387385,33.36030231855507,39.39968020503245,1,0
34.81465657648428,94.65435574308113,15.179410079354467,83.75392364969106,0,0
23.169837480934316,86.25256050592262,41.74492133907703,55.09038670736501,0,0
28.21082662005063,79.14185310999738,44.22604235058115,109.91526665862365,1,0
35.561933038220204,93.81764973283657,27.339405167142775,74.79577913838287,1,0
13.455513631989078,81.44725374325948,21.20113368156317,70.45507731025377,0,0
36.25744942231883,96.60011158990848,41.88970284118471,64.79546759495032,0,0
19.924994905293403,85.48067457867566,16.257458550907792,16.849029901626214,2,0
31.8535800447719,95.5441974854658,43.543170503301596,73.996408316359,1,0
10.399704181023878,93.42318309184799,33.0952723526442,20.615277075303112,0,0
30.55046622832154,81.93073237412429,59.11716303993026,45.83193742261495,1,0
19.045834842299623,96.12751753662349,50.52713538814252,100.76111586062541,1,0
9.06783416144375,71.88171144521836,0.8203178896198371,9.967728181943016,0,0
23.496041975854432,89.74741173462918,54.789945135458574,70.63279434673116,0,0
35.39820616659041,92.63977432964494,14.84088610459186,54.61475210190113,1,0
15.291830745842155,75.96722211375135,12.433658940483387,105.50825943002388,1,0
18.386718822952375,71.29317017378924,40.29439173556798,62.9166164075514,1,0
32.10977321181254,76.92553995336043,48.98314411278374,116.18887808733895,1,0
33.422954477092006,79.70100312015951,8.040913707038444,4.4251384812873376,2,0
30.755379654384978,86.54147935225302,48.302680051161715,108.47497598251853,1,0
18.167039205391312,85.10761291878435,23.534642705983938,53.05951572082376,2,0
29.06551394685662,83.87594290007424,27.054626844966265,109.34608212998948,1,0
26.04051430660833,93.0085475536556,56.971237419458525,18.501744230555513,0,0
22.271372499306608,75.48908726066979,27.54814537429568,117.62387645897176,0,0
18.07498883853701,74.0647929412769,34.7789960683043,41.64602204432886,2,0
11.737511935408827,71.7133293297754,9.11416161073766,17.520433545279808,0,0
34.00686388727434,81.7448875676233,40.05346431126163,21.50606467299395,1,0
14.491622911283297,91.83192846848902,20.704957669343205,42.36668652343934,1,0
10.572373478954614,71.49844026191742,27.646726081963546,25.553712490289307,1,0
11.733703550689674,77.57288588599451,19.29496588080174,11.982579761220784,2,0
26.209111295236326,70.37101192651728,52.414717446406634,110.58381566328578,0,0
8.07525570712575,93.18073210403202,5.071020460840916,72.07609178839624,2,0
23.561128733632643,94.79721101411556,14.166991987044259,91.43469366357269,1,0
21.41350676786129,89.67665720587894,2.200992173435874,31.03999637693847,2,0
27.927799656696603,92.48877950637524,44.97697392051524,4.626186175297705,1,0
20.974958637880185,83.44590072719568,14.54823021808378,33.03994448297633,0,0
13.286232475802784,84.35498766854626,50.44259915267587,11.615315116734687,1,0
11.473101822758284,93.82529114145696,35.61554721324292,81.81317597819427,2,0
26.815862368455704,81.90788095087325,35.05196908285016,88.68187457199463,2,0
29.61774475134557,80.5181268406607,7.654818167733826,34.76933279004821,1,0
34.089774517205356,85.61910144651361,14.66118932787927,60.29147604402388,1,0
25.567469761349727,74.87957696034384,6.1069483572242245,19.19023756293551,2,0
22.1464842234534,92.67370801724825,5.273257472408632,96.89792152219607,2,0
32.42710702364727,69.49742885836088,1.0945488857016628,83.93841402160416,2,0
34.0016976262466,84.70395411636414,55.0437367851319,1.6307007613150446,1,0
15.479181984303256,72.9557400343119,40.11859319546586,111.5957427061827,2,0
23.516065229302406,81.82196503966594,50.31495352215749,25.404229657785635,1,0
17.386697855723067,80.3376567198761,30.4566227210673,29.846758157394547,2,0
28.50967277368889,90.26560554184232,5.237410775380527,61.2263708067623,2,0
21.953062953789708,83.445093543996,3.1094122093456145,41.05590910507655,1,0
23.909490420206442,83.91873741678035,12.10382773981415,82.46401419770017,0,0
12.025918429818592,68.07861608301556,7.001763848500879,57.306777925175176,1,0
19.943386510270788,78.11717972974687,55.77174865486955,99.84370952673977,1,0
11.604619481080796,89.19515678090568,56.30042740926227,22.566734873713557,2,0
34.86703328410162,88.92629997178705,2.8856786378452615,94.00022332841837,2,0
31.062752043936815,73.8471922813846,9.81935657194227,20.54762995378816,0,0
14.835060635884993,86.37899834788514,54.47196782775096,38.62739329328286,1,0
19.380908115256425,91.68138374467574,26.348094514213106,45.856387101564,2,0
26.09894478127329,83.65365079552436,26.324680523300344,69.72086623782896,0,0
34.08766262496249,79.13284541982313,32.613171666839314,108.87018120478109,2,0
23.742630007788858,80.51431615095683,19.968947154749056,87.93534728030687,1,0
12.038890107238231,91.02673048883858,37.20436535571081,64.48186994518227,2,0
24.62137462846427,96.93308586179145,45.14418720232936,85.13067488797162,2,0
29.574442484607633,68.9724406073376,34.19338109227899,91.73258360314217,2,0
29.88442346394338,70.9845648915802,32.188881089075686,46.07976630127297,0,0
11.697171207627491,79.52133142625065,47.837721946773215,18.84017385450408,2,0
19.859700135479304,90.38457743734911,0.732184339082671,72.21468144342201,1,0
15.30217270830163,78.02518381161366,10.89586300808554,109.10561679870177,1,0
14.593178507869624,80.28430901019401,17.27577698854357,74.17908131516587,1,0
25.00066512848712,82.6707716876495,36.68725412607887,3.1551118746800206,2,0
35.03143019202476,84.38886232408706,41.799049432613536,110.77742636009819,2,0
12.423632244513579,84.71236244483758,36.40290278297135,51.471549884983936,0,0
11.023162015502475,92.37274932743226,54.64117189534279,15.614483039642321,0,0
36.5603947699077,92.32804450693209,7.47976087219601,110.58018403146731,2,0
17.031883657323593,74.59447300543627,36.47366362765552,46.13737810788031,0,0
17.720720007731124,91.28275000934234,0.2779213802761715,40.68640143124616,2,0
20.020632941905202,93.04202607777574,55.377613907909094,56.41831455593877,2,0
29.387536195182705,81.11432028580441,13.476289376398917,54.84030241979051,2,0
15.198566839957405,84.75132666865487,9.930799045678429,5.031620069344803,0,0
18.50942307438236,84.83706215806326,37.93585727517182,2.558240334011703,0,0
22.940036789797567,96.29069815479993,27.539339281020784,67.3193388979157,1,0
10.475140374280672,96.90935330353247,30.131700619874554,71.85081706108521,0,0
19.52222534827034,80.37687825476573,47.98692132445616,42.57705288687063,1,0
13.52994389924633,69.05994036759475,28.324016706599956,68.21609485825135,1,0
16.527295697408174,88.70771679390502,31.65886380868715,64.60025105961239,0,0
19.622128765384453,84.22956960793832,9.314414755842751,22.649447528937262,0,0
10.189597550312786,89.84414040167607,16.338111283217966,107.79421876844722,1,0
19.853290961844795,68.73620431415,9.369155841971422,86.2006952328403,0,0
19.831550365580497,83.99995526252086,15.233313842598257,24.337458863520883,2,0
8.57160559487656,71.01914887755264,47.99496512239136,22.2468147844657,0,0
24.144925958717618,88.9035797930047,48.318898041474306,118.65872505269769,1,0
32.076376072442756,79.5183223589352,40.08510819423877,25.393131154482695,2,0
17.395711772097187,70.52082543356013,37.99444649465763,88.57264897032428,0,0
8.769433912340771,73.26162761760412,34.98249365818153,51.14952152050726,1,0
34.408096102668814,86.11807686025428,20.151951428990106,99.18777243929651,2,0
25.118553332929423,75.7738455838634,37.44893447094804,49.71998661075761,1,0
18.519978945312417,92.97097257926693,13.170631504857521,116.97112455866552,0,0
33.185571301039474,82.13550474923589,53.67313361364548,96.18277545773051,0,0
22.058572647360037,82.86127202057573,44.501216653719936,84.16265652614763,0,0
15.478742877562865,72.04132614811189,50.09581420795795,118.14385950372271,1,0
34.11659673585518,88.04543387067997,40.991031386728885,98.8874812334892,0,0
31.636578423671256,82.44463185181917,4.030523994942605,49.22452247529496,1,0
32.06251230750885,73.98621688105749,0.6597497195088287,17.289389978188066,0,0
15.728453407755584,89.23335277531281,15.043839633695866,76.33866953953626,0,0
13.08576708008004,94.51794643182383,25.126231493524386,46.5934848616902,1,0
20.239045726969934,78.26226992027624,57.517630638793236,22.940139560796624,0,0
25.491411174525258,75.1151241807583,23.35773684251859,35.35455467571329,0,0
28.924452972535263,85.70173534323077,56.95840782346594,48.20127539319446,1,0
11.915037045215001,82.02889331603997,16.194673343531694,65.24129069007502,2,0
25.25725999030739,69.49134859104326,29.78197483207418,72.02429902110981,1,0
26.076643976244732,81.75288195231072,20.663023922653995,42.83327917497204,0,0
22.369248169979755,87.96366949640435,26.089640316224774,30.32184195545371,2,0
10.255194978289754,68.06784232814756,58.06196329242519,1.625204408447805,2,0
17.123300147472918,91.41547730268607,57.72592714584706,95.01161349623088,0,0
20.934167415780717,73.36885493631996,32.514056842701486,104.88055446929259,2,0
31.39027328798204,87.10471763461081,41.53659387107115,102.05428253627299,0,0
34.19755056644472,86.75328265439774,41.59051268741548,7.139900992386489,1,0
9.14337752968667,88.46168000295496,55.51489904493995,22.48846607015269,0,0
21.723093424358666,77.07279083866204,7.231354727187867,87.99181690353551,2,0
34.80748966591938,96.16068910979567,56.65598934680604,57.43149178223819,1,0
9.591595824747772,81.19916686604853,31.346074564270136,77.70105142447284,1,0
25.291826475979537,74.67025628134338,7.234013146636729,10.15743099387589,0,0
23.377688846412106,80.78993269069669,24.269126980911043,69.11890337258242,0,0
23.61364322104284,87.1880000773357,44.2713460143915,62.90000507556909,0,0
25.86003245728683,74.75582476785537,1.4640468933922812,104.54176599421065,1,0
8.006888183700653,73.37871437772495,23.037833395183544,111.9781992216051,2,0
36.94008920546679,78.1706426480996,46.03129733586761,48.829778719499814,0,0
21.913658478838638,84.8419590095925,16.301218264140246,48.39619869310063,1,0
20.11523668285268,80.21935306603504,44.254938095333486,29.41448034642798,2,0
21.552012229591924,76.61308341719159,51.16930930151408,86.15084451287478,0,0
9.220702499454495,68.518344107269,59.26334338416189,51.90500291456762,0,0
19.357274075670325,71.60868916160884,57.3849418535655,95.96072933506262,0,0
10.592919067055526,80.10984249776293,52.74709845372988,113.42311065267782,2,0
34.20799504808284,96.68636238458741,44.60116937361745,8.733382728464388,0,0
26.839752820778685,85.62436705148691,30.761310660990514,28.449707594413283,1,0
19.13862773324624,69.0652261853718,57.43621577899954,99.31847779948194,0,0
9.677437620338495,96.10397627408352,53.02715309780554,111.40252170023034,1,0
23.225913524947778,75.54676767059429,30.914875458883554,59.451174563366564,0,0
12.462981283855797,91.65916062472792,13.46643431019964,27.634296163892145,2,0
9.011089646780922,93.95272179560736,51.60760898507542,55.434419635071166,2,0
15.915821870833133,81.82362802158069,2.6625998119942063,102.41103046829393,1,0
31.475966167021465,87.00201743853162,33.05144223654836,11.351424429457806,2,0
8.147382054722753,88.17571449264275,2.9270149003903856,64.37969980869069,0,0
14.385312856544529,87.81450414612829,4.567851569418011,102.29362277180347,0,0
21.937010742472793,85.17982575512602,49.48085795550895,42.38929574036097,1,0
23.76958833192458,93.07029352891311,44.034595137222105,63.029977149469374,0,0
12.562879131373254,72.65160305457209,20.04053272471427,29.404113724821084,0,0
27.724082381048714,85.93972996824034,45.16299837345847,19.87400752987577,2,0
35.87814335736232,81.49863025432953,52.7442888136879,1.6122753198110573,2,0
14.630129684222782,94.35233796881167,0.06720668880656921,67.18562646973108,0,0
22.71656427906425,68.18519027978817,17.222287990494767,74.41430328671332,0,0
24.235485056956055,71.35947184662747,22.601721719207926,2.0796161536742708,0,0
30.615516459383166,71.1024385259818,45.661674150121684,65.41072286245712,1,0
17.914292815121897,86.34603490088449,55.92168633060105,13.198657630890832,1,0
35.4716387594338,72.8249500210359,46.25905755192813,85.32006854771289,1,0
18.030608651635745,86.00655001525683,2.744522028750771,104.71287993213278,2,0
36.09745780328505,89.73990312054482,7.805174407837918,91.23332031555368,2,0
9.903158192646375,91.8238754748158,22.310011754323476,98.43549155949415,2,0
27.81556592158865,80.93117848492571,16.417599976899954,119.65781551876762,0,0
10.96361497111785,92.77208345938541,31.621445772711724,99.2845711301877,2,0
14.402318770874052,70.38905032285943,40.829958124482786,78.88683449945509,2,0
33.17357535343649,95.93386294976382,1.8781388248509745,88.02113796986859,2,0
20.172092190857548,86.51725248225848,23.855663877767658,33.63160907949173,2,0
17.046607724358783,77.3015394727057,43.465360356847015,89.75460443168475,2,0
8.90288840365083,86.89833793590067,22.111580623425667,103.85863173091681,2,0
36.07760940952693,73.38023995539051,52.117390077336644,93.41502548221726,2,0
21.1571154035532,83.38027741811942,1.0717135486991625,95.81894151581928,0,0
34.44324501383742,96.05782664479955,11.12753248059926,55.989577601113616,1,0
11.40193747990944,71.63038797387397,41.13391723373828,52.20640149303606,1,0
14.540664130868327,72.66393860326751,39.09116800813588,39.78513021029691,1,0
31.129213918478456,77.00049680878364,27.313208944908073,2.3828442490639756,1,0
27.73324216442043,79.4708074325191,58.48199111224139,86.90462772330527,2,0
28.154474697669734,92.94354951848693,46.79105933360099,5.7146402164545,1,0
29.725687533937208,72.23174014701922,6.167544269559942,68.93763571945556,2,0
22.467756450089325,85.92651629522545,42.147898232646234,67.59819333494278,1,0
17.467377939075767,83.01363765815663,5.271989948690001,42.72460481389251,0,0
31.91090736000818,78.37623917691987,19.32568213316012,117.3184999714595,1,0
27.994484104980707,91.2170142741634,12.009014654688606,20.9304272888293,0,0
35.59494925630448,71.60237903511373,53.7732781611023,71.77841984785539,0,0
9.507167225892701,83.69759372373105,42.54363116705498,104.64532572578419,1,0
26.133835146204486,90.71925905230682,36.73547915286948,58.643415261310835,2,0
33.949683025755306,83.88017890845835,49.03786619774962,54.825875857677715,2,0
9.18186907668171,72.75598494869541,26.316432989372302,87.25436062501294,2,0
26.858531390330164,81.89908892871233,36.94452131653457,40.1530750999448,1,0
17.7699779613621,73.28141955497227,47.38191042854875,79.38622528460425,2,0
12.688503780257278,68.6049730394546,39.1957811542398,40.545440417257964,0,0
22.305028556730186,70.36426819702038,24.19568166742991,27.24677386575647,1,0
8.888922563968375,75.4728037668252,27.757377404358976,104.32442814359729,2,0
20.06131361826128,92.54111346855242,37.72588909235671,88.50668554122457,1,0
36.641837348345675,69.16316655096199,52.02188976734691,69.86237362011481,1,0
29.03247215203896,82.11339930131638,52.405394284899636,108.18352181733977,1,0
26.995270826131147,96.7718661738795,17.031271716518702,43.73897253028154,2,0
26.066030923341,86.3152463826831,43.98678134491686,16.656554530143914,1,0
13.210810157237017,74.88875642279245,58.283705642498376,22.536257372429283,0,0
10.004850799411964,80.67779627568797,5.84360355321313,49.19747509055826,1,0
22.929703263961017,78.4177677125932,35.57705108609564,20.45934083761771,2,0
17.052293644196965,79.57233243797623,51.47917523536235,2.07461809141648,0,0
30.430720644911418,71.79533616083215,58.18926270471268,55.00095542465307,2,0
33.62758042016182,80.81870683970287,19.853361779350315,54.40453128593696,1,0
12.226940479097799,81.03358122119839,35.273062266623214,113.88141922732062,0,0
12.844215329127547,72.86095727236122,2.2002856160125783,88.63183979281122,0,0
23.471845833691173,90.67191956550585,42.32313564673221,54.11786893499768,2,0
33.1798671348845,73.96939509106627,6.715177163863673,33.100203770521766,1,0
11.566153447359175,74.70279646040176,3.1018102344916176,77.16035305359273,2,0
21.113771820219625,95.08237550830924,18.96936629860503,61.3609422339187,1,0
27.958028110131266,79.52399066546764,28.793824895524395,82.6301605819751,1,0
35.60254177727393,86.5344781966495,52.07509767120133,55.11404282042923,2,0
23.130171352450184,77.93695115550655,31.934699329577946,15.96323990499121,1,0
16.929968306144538,88.43574211936276,12.111207127376902,81.13845956566516,1,0
13.462123429202443,89.19405477125541,9.369830687530436,28.912793906844612,2,0
13.13734389397419,88.08615261455877,50.28691737888661,113.40909211740876,1,0
8.507963734999805,75.08027142224886,49.852631480502325,103.88845147864936,0,0
8.881224731208269,94.99751216970236,41.37160506189367,81.50509290749234,2,0
35.28538533380388,91.97832762764445,40.01829101945444,69.68504316869803,1,0
27.077513833488045,96.98299804734933,2.8927223316333617,117.28372792233675,0,0
36.80677118340023,89.8204051158516,5.428901717223045,35.353585868145935,2,0
33.47695127773909,79.72006932787995,19.621989693794323,80.44361288206659,1,0
34.139893838064886,93.4588436121985,19.031743005923914,104.39917443932795,0,0
11.486062605747644,83.79018384086464,0.34551962988729423,39.625713758132164,1,0
19.489008056668407,88.168548994006,23.313486076220745,54.39454109208115,0,0
23.82491976636873,80.88816412978484,0.8800234227758286,70.86034321643696,1,0
26.6347030994685,90.02098550976311,30.02671854784449,65.54127613258886,1,0
21.896274451262197,68.74361990838663,20.474869657569382,46.24327863551699,1,0
23.272090120799827,75.13602010514195,28.60172850246955,47.929473534383675,2,0
31.57658642276671,88.82556921056835,57.331421757296084,3.169677338487034,2,0
20.49500065460297,94.00471440536354,4.276816203309835,114.60454357396358,2,0
19.022160759178952,73.71746967061344,28.750993766615995,24.152440459050815,1,0
22.090281016403445,75.44652046389473,17.09237411771537,37.5675058262281,2,0
23.435546186832163,84.84702954462114,5.377580349296527,86.39865852312691,1,0
15.906096021272479,79.9929239442352,7.313165600216854,22.556772594626956,2,0
32.92305800513709,91.19365176729663,11.07510777222198,36.1381164172169,0,0
24.4520543692382,75.44032072733955,57.77561251425479,58.54193195967104,2,0
31.656710661624146,78.83178080811324,31.589951649226858,14.364216984935082,0,0
25.446742784243604,91.75647692337691,53.05238780090447,28.141492861922963,0,0
26.751571489262943,73.06842984199393,21.64635114663599,108.80104146974348,0,0
14.86924621025998,90.63523994207199,16.488362132888167,98.89110390312773,2,0
27.358947079452644,70.77052410120538,37.43155948059438,54.760353769730266,1,0
12.436530224028317,74.82183195925757,52.155577479063155,57.27414391034868,0,0
10.77572211008469,68.68551899534376,38.51829002659596,73.24419029456492,2,0
14.726465787363287,79.33627388125993,35.668580111170385,60.115256204241156,1,0
15.961667366003637,85.31436058997505,40.55047470524256,53.68331904676373,0,0
28.81033520408711,88.08064838840671,59.4753596221313,16.278920445040903,2,0
25.493362896187794,77.77958684990719,54.33148753978043,92.94210456647652,0,0
33.931535365259435,73.56415241684354,19.402293726931244,27.972111865011573,0,0
25.897517718473757,80.82988815793942,49.91178679508532,80.68271131994146,2,0
26.564878491016817,75.86327565850536,35.56871949920536,81.93569980131072,0,0
21.24890070153069,73.51942102175296,3.1403325471904986,46.03869439481842,1,0
24.17571910373072,89.18886479693813,27.91233673702309,8.15693876949344,1,0
35.77113325065602,73.08378532837213,41.400293449239946,24.91110895042772,1,0
10.803617039754869,81.06075715148737,45.369799733714764,42.36101138443887,2,0
34.888156764904124,74.80462037380815,23.95895494855849,19.137505586319673,0,0
29.37822652521005,90.28939433886674,14.619402963831998,80.91545478995144,1,0
15.454370726530316,90.84915766047568,51.881171522012416,73.40988310651517,1,0
12.619816597950429,69.83016195929535,7.058941708413517,28.055518711435756,0,0
18.443955816674055,70.54163965615132,56.217469381863765,66.90246664477277,2,0
31.933297138754007,76.1114026156729,56.54322114613399,104.92706274513789,1,0
34.6623672232181,82.41194100426908,59.52948088939876,102.3195699716664,1,0
22.53343697627828,79.51818454544713,32.38395712559657,75.72605627994366,1,0
33.46125529290701,93.17364401311606,48.35552400705727,95.0136219205403,1,0
10.346659208486313,79.68642518418969,10.41147089919052,83.69917957939295,1,0
35.76236374894303,84.61820143899463,55.963844428575285,69.44443870909836,0,0
32.998419985906054,94.75995852488843,29.223715129136153,73.14409959236632,1,0
32.05063974909723,77.20841198842537,57.16785165607766,99.19889132245261,0,0
18.658498246454414,69.97699697217931,1.548714416969219,17.084788409423908,0,0
23.936356540955494,96.00884267344338,25.94987269980792,38.10611983714589,1,0
33.407050585343235,76.05482608872857,51.08691825307592,1.0395682283382395,2,0
25.968050692037057,86.85583167954644,9.121491187718886,8.30060562616951,2,0
13.561691212163957,74.14090516929888,29.07609522113188,90.7561717769197,2,0
28.156021636898043,96.526688832639,14.350806252955536,17.927674873776343,0,0
30.698185181580328,75.69623486645764,10.665983271074893,83.30254861274899,0,0
22.773241716343904,96.90420876173633,48.83821617036113,74.2111131494903,0,0
26.092979252457514,83.2842024534379,25.56500303342229,16.55453483208374,2,0
21.043754815818353,73.64405284280218,22.065561052637378,50.281440550942314,1,0
13.129727209171778,79.22528404973329,57.82933652894106,30.581050668078106,1,0
21.958980397424384,68.55657602786864,15.588792524702054,91.47448895153407,1,0
13.501150597065639,85.94949759722392,19.410023694688427,100.28210054861734,0,0
36.300338892391565,91.24457624460669,57.574598659262,59.05463122723713,2,0
15.70968296297509,86.73661358041274,29.960030098717098,32.6562940826403,0,0
22.15899297363157,72.35141127612555,19.4805556134036,88.74549220914815,2,0
18.900760269227312,79.43981207853102,27.5668061043592,94.41696871660977,0,0
11.861205121164812,70.9623363600686,39.521528772446615,113.19690582817815,1,0
20.690490597606367,75.38544803933549,50.45229476555536,5.5727355265166745,0,0
31.92883368193241,82.36811100036847,23.18093459089893,54.564807457951396,0,0
25.80407395804179,69.93290917626001,31.104481316712246,18.870111097227955,0,0
20.85491953586493,69.38709379142905,2.281310894247295,89.79866364033879,0,0
10.090445743961528,70.0664451051925,0.726508514093247,114.82366639763814,0,0
19.240261713000315,81.39646116345772,59.49530453221644,116.51924496280975,2,0
27.179747721042016,73.37067146815657,10.44656012004506,12.70908231589428,1,0
32.08549923574036,69.99267214302976,25.457813153093287,10.831501951652974,0,0
16.567898546845186,90.30747128730587,37.47981413125583,46.450817118694616,1,0
8.30240328252469,75.40699105587137,15.642797995194993,9.241262448017332,0,0
23.37876186422559,69.21658547951745,58.109326655663025,96.04698880689438,2,0
36.41913955140667,85.45456609945334,34.94535949243479,90.02070835211433,1,0
11.7147766446198,77.80975767384045,55.68501841956299,27.729257809418378,0,0
18.903793808298033,83.95266627328652,23.31916791779082,20.478372374370878,1,0
34.92120845260873,87.60348599200431,29.762870320793194,2.513071908440329,0,0
16.291296887935644,91.6624612300899,51.68219978180616,101.73520630414309,0,0
23.776480796299797,86.44605214816492,13.263802287223708,117.4292761772709,1,0
29.126229637686784,90.51697594849202,39.36971026086429,22.114023566895117,1,0
29.842432741488683,75.81060765075873,32.373373229730305,87.62571403095843,1,0
11.820134430182296,89.05341738957357,49.0671197914167,26.40785259096996,2,0
12.369607123586444,77.92912544497285,24.804986957715688,91.22401631810794,0,0
22.742455860572118,76.6289050882458,33.90131957154097,82.97735094396079,2,0
24.73801071533895,93.43701480383072,26.028030735286308,20.1409327009718,1,0
8.270616974985705,75.15368707112707,43.587702906780294,119.02538421057425,2,0
19.64333515997736,91.20205809227562,12.24213807773393,67.05510896697206,1,0
25.86357805754519,73.45271730384707,21.323074121144366,94.27122235376227,1,0
32.59338594279238,92.3589554281833,49.960828160822594,2.3127620972334295,0,0
35.78413092346203,78.67028178776044,19.615896980284745,18.717677989560915,2,0
21.639252568951783,82.55945619116497,7.482843414683429,46.859730082636055,1,0
33.69967763348716,85.19828569141674,23.49154189066976,50.10199906098622,2,0
8.093329644524081,85.96809078633538,21.329580626481444,95.50948242197303,0,0
25.057865741503324,81.9482138066976,38.53953155431364,8.717577743473234,1,0
24.283053050826187,84.25914273806896,36.20925999578729,81.4996845299371,1,0
25.46222367752195,68.66505152677323,19.32648025375113,76.74238747484932,2,0
9.697976948075397,77.69291124218576,47.093818626688055,85.21403123416897,2,0
31.928789362317342,83.08860073064096,22.407755768650407,15.562834121696175,0,0
20.586561619042385,70.5694124607089,13.236717162672676,72.18880999358493,2,0
30.23106719517766,89.27485907122707,17.966610629513198,21.64412883764891,1,0
26.44914357653875,90.78389692432673,7.100171455403239,49.778681873858304,1,0
29.669368044519093,89.45960521388274,57.018765175835505,25.149427741413362,0,0
36.40975473598262,72.79352921813506,42.01511756667126,70.71140737065633,1,0
15.91905348921156,83.02428422092565,17.923534415326383,112.94083016872553,1,0
32.72911257639562,74.54069856784625,22.614849884182316,55.94620481987348,0,0
20.620231578405345,95.18324553226007,42.36114045984147,76.10930686884805,1,0
29.11023990223919,82.39737341830369,26.21104215691077,87.81147920963521,1,0
9.661127281251078,74.5314873657862,7.880964488694402,48.4614875347438,0,0
35.74182401142028,69.99978247433621,3.423283269075259,34.58026188849082,2,0
15.162385173087994,94.28138283511007,14.972771990970365,33.362017409307086,1,0
20.437719486970117,92.49889365229463,16.088341205730803,19.609434724010306,2,0
9.81694290020528,94.28668614698792,8.35472226705571,64.35806119075085,0,0
30.38387405926702,70.50631371211385,14.207058558683123,88.16139908873268,2,0
35.938438592192966,84.24487732039341,56.20934772198551,7.2186876350368285,1,0
29.193807984441165,96.45761562442016,15.391803746654869,78.84677757541486,1,0
13.54453034247888,77.8096300546381,18.521924602391714,113.69728254090803,0,0
13.307447882807088,68.63901964862762,43.200482379786784,50.74080213058764,0,0
32.667865677392996,84.27546086019322,31.403454682461987,14.65749575243688,1,0
19.7153584134699,83.73382829846726,47.501999307201096,66.31180014968699,1,0
10.37003502665657,81.29071860433103,29.081777227802817,20.727170279429814,1,0
27.261449520657102,74.26662314237392,5.853750614357985,103.5764421001084,2,0
26.878230547377672,83.81752421280027,3.736386352913137,61.98781520366947,2,0
21.317956450311783,69.50674074907378,47.17669196304199,24.962290074180952,2,0
33.291935300651815,83.80058501345096,45.505501072146664,90.73881395762352,2,0
13.941556950370664,93.45707226640918,52.77491129709175,104.59883258047482,2,0
35.45250067178861,84.24528549287244,45.04377041996083,67.39970791513414,1,0
9.89093314655427,81.45400992755765,54.55321235169361,65.10551395637299,2,0
11.058737298742287,87.04662303700452,49.32618963601353,46.26998089339992,2,0
20.79109258927273,73.67266891829094,11.203397746382489,12.190296427677696,0,0
24.750207610553566,86.40289010895881,47.87484957695364,48.12048624683213,1,0
23.457837150138058,72.58068986222509,41.75394709012815,95.39810070215228,2,0
25.79072102053611,78.5299213623863,53.83118045787713,21.09365059464465,1,0
12.080634313413995,73.85845438367221,11.053490354281568,107.38477549093658,2,0
17.081697849701186,91.15920489909979,58.06535262620333,102.9679983929362,0,0
31.30450252780452,82.65099643372251,58.02759691555023,50.71355653373686,2,0
11.55058305240929,89.03038089279434,19.380671903172832,119.65230069271774,1,0
20.39720094969784,72.7047687676919,0.7564511985455424,67.61092635296752,0,0
8.851560613969378,91.8657949404231,12.585176861020882,46.10422802007259,2,0
13.434946378829885,92.88713454155776,49.14381083169937,65.35445684327978,2,0
30.02788989332432,96.65390143293044,54.07776064647893,78.54848232606469,0,0
18.376149694437814,82.3321609702587,49.6949551462331,40.889757637133854,1,0
15.085858282807518,71.27535304392403,5.23076806990987,86.57021623510882,2,0
12.117187703068822,78.09030093588284,27.021058734324757,90.11033409863347,0,0
20.629658177546624,84.74024219228978,44.28414740031103,96.9373098394511,1,0
36.39404320243948,86.39012201057636,7.575884493870165,81.46512988697664,1,0
17.13266806977606,68.11069688960606,40.9001689440972,20.88870936507533,0,0
32.274192632045256,76.0990065651779,38.572914603522456,83.6039182476699,0,0
14.250366194948624,78.45095677798008,4.110324397618774,91.81547965980783,0,0
26.941720925407207,95.210839735006,52.272268935783124,92.16170840770101,2,0
9.713722812269346,94.06657425722717,39.04611285352484,105.03298017246384,2,0
24.25277829843276,71.21869460719095,26.823332628385526,55.78263427302923,0,0
23.852798385445865,79.03161592014187,58.60801971063956,14.175750605831565,0,0
9.218715579970754,89.45721950224097,55.084593131949035,34.324442216508245,0,0
16.474328683395036,94.41233468767354,45.23771421580704,96.78390644413119,0,0
35.92150035514675,89.07345877003937,18.285065723168,99.69796511820279,2,0
33.30986134741771,71.26483132194618,42.22115864764775,65.34311872074433,0,0
15.01492101950633,68.35971705204213,28.126077927870348,36.85056603044004,2,0
10.152985316663207,74.5641933359031,43.814768825408756,72.25818726963548,2,0
34.18395486056763,92.71565235734425,40.06828099358439,71.59336684277874,0,0
36.68182239215504,86.15910897620101,31.878991234083546,100.740109842679,1,0
20.446295208494348,75.76552358916169,47.34965079532388,69.22857213059095,0,0
9.845586369312628,92.10983191718559,35.93871049063263,14.677026650088454,0,0
23.231952968084645,68.94672464882439,52.113090379217326,8.697740328300657,0,0
8.729116790040909,88.13906322779056,4.9324238227069,109.37051295278161,1,0
30.442510016174534,85.45577949943882,53.55139739729076,53.76222171112334,0,0
26.307919039667674,85.15921770688344,42.15802638513098,29.254582736601947,2,0
11.819109715689116,74.79134895764909,47.205020109266215,116.52117857049917,1,0
15.875494177780155,81.71401685151623,59.03041877132627,33.00611455335006,1,0
10.05703426787943,75.37735584441356,21.711185592308322,57.22670924577511,1,0
34.31402477667257,74.9268431516559,28.17850648084254,54.60537089728037,0,0
21.979190685250394,73.68683366941339,36.6468042645461,34.40130264640094,0,0
22.980606224933393,68.1596681756522,0.45984195895351965,27.069188283121076,2,0
32.47381376574,76.26233262439786,27.771117300951037,53.186080135954825,1,0
19.507108565503177,69.28724539295477,16.669324366904064,98.18517887863545,0,0
25.894928967416238,71.30131341082144,20.713388568101525,61.38202070741926,0,0
8.860378468877455,87.5871860188656,2.6912140814141194,54.62104525899294,2,0
15.967214240066067,79.44270619233174,25.309690712329882,49.91150795659995,0,0
28.706946689538835,85.62925120863041,18.562363071766924,99.03105572233407,2,0
35.666960699966175,88.92041008208236,51.77283017474474,1.2503573379301263,1,0
15.470609389677934,69.72621631008538,36.22772717696326,82.70419970562021,1,0
27.293470957363603,91.21029149167879,39.759870783561325,11.98189025671761,2,0
20.149485915436784,89.78416338644412,4.260459871995328,10.541421675746511,2,0
29.74567216865752,79.9675844564185,38.76577050030378,77.92756072482823,2,0
25.216162945047614,68.29380433680456,38.165762784572536,109.68114676157217,0,0
12.475325393209303,72.98360595848574,38.27262555981803,89.17676878267484,0,0
9.926871486317472,83.48505670388515,8.52822742760746,2.3930866769775836,1,0
23.44228828367725,81.01673907856654,5.063542832672541,48.52488105896822,0,0
11.567095558588623,84.20062949706234,20.590041190359493,87.7716450183843,0,0
9.954152088780154,79.23438498439111,51.110474212436856,49.063845836244724,0,0
15.986054053407138,76.88309146456817,47.3391095952476,54.12392245178828,1,0
19.14294898398406,81.05357747427604,34.75598122923161,91.36277206456096,2,0
17.247137731313025,84.8837636512293,22.270345406257654,72.52782584922772,0,0
23.24856536732639,82.83876021086384,9.93770082169592,77.84312070137786,0,0
33.81281402033044,78.03044636139786,9.267584833399427,4.028283428784354,1,0
26.470167206187554,77.87752083085746,4.30271333085906,49.74583849253261,0,0
10.93653752383961,92.56704520111977,31.86512069311457,101.16508004761646,1,0
21.16604701468733,87.95995283762687,8.433178054701646,58.78517425946834,2,0
23.425468489203638,71.93788236485418,5.958132165221577,25.854824413983057,2,0
19.251616038459215,72.64072315743263,1.4011257796911547,90.98942006007104,2,0
22.147684718579786,71.77138569282302,50.12881418293966,45.07724136676147,0,0
21.74618642601152,80.8797036818068,59.69147838355929,65.900353424978,0,0
16.363757696743626,95.8729290768202,23.36891369414522,46.87591666369376,1,0
23.70082061307997,72.47020625217613,33.22268912148067,65.46287267679048,1,0
15.160315373359982,92.31792723218202,21.37113882705565,99.39098188177385,0,0
13.644091264441286,69.67177988377172,20.5468787300828,33.15947536356321,2,0
24.173555961251274,78.07103413188472,34.82805605962176,17.564407460137765,2,0
12.365123258238993,91.68595097346632,12.438540191253477,94.10421120575039,2,0
33.52912810231888,86.07877278662376,34.162641670936964,74.8585970991255,0,0
29.193722832642454,72.2915402736092,51.15346691409321,85.59528128519598,1,0
14.604742346993078,95.9568365677999,54.56727665623452,86.9350450192528,0,0
21.29552631250848,69.10146533540575,44.75160231762072,66.36937504897772,0,0
31.032109213932756,75.99725947928935,52.625434861091335,113.34100916522235,0,0
35.52425214959378,82.87417006826873,5.620345242354611,90.79992537023243,1,0
25.073214141808275,78.88456732966846,17.147013331552213,25.183547839244387,2,0
19.209674697867808,82.82698840382179,29.539528800070915,69.69620447874262,2,0
33.93912414790273,81.22339899703817,26.607350182914246,72.65192125721876,2,0
24.632339592211626,95.72536716474606,12.028470931704167,14.002441026844949,0,0
20.735344682378702,92.56209677200475,53.585412311724895,8.4324536406695,1,0
15.425379388043675,68.89291144015299,58.291982543435324,27.26871312588103,2,0
8.554366738463157,81.82846058121669,41.26332254583364,87.00212796608919,1,0
23.28955924435421,86.34377918900901,38.66821662726202,98.55593879318258,0,0
16.08403630002204,74.1104439521489,57.44688114228577,2.0547309285027993,2,0
13.818879504709075,96.84481060523994,5.388729256966441,1.27578820067285,2,0
29.39821603828437,92.19019331301959,44.42856791721115,17.99918418879979,0,0
31.83587244225796,91.4663119630319,53.065456530118624,84.30407845988043,2,0
10.569536705120694,82.14120648034911,4.658960080296303,49.49762069285927,1,0
8.710454999761918,76.8779828855082,32.94782017663036,76.21868971124283,0,0
35.48295275296965,70.09717778248022,57.306912437502085,63.18661532107267,1,0
10.229000183008742,82.51810377404212,47.67093266944492,85.14329079473708,1,0
10.114153225669202,79.68332519634647,17.717429642876596,28.65373444366969,2,0
19.637874702371654,76.4829376410515,9.139775367872128,32.67399348934896,1,0
17.323375336188576,81.81667260396996,13.561739868959982,77.21664901892544,0,0
8.97640616820231,74.22421412450528,24.96728568426554,91.39376001527577,2,0
33.77111332769656,82.58943457261526,26.960984522378524,70.71790982596879,1,0
10.081498380568878,87.79589941547867,14.515900818931776,85.96036326828418,0,0
31.31479671902309,84.02252805482878,31.210193538645072,18.002239399389993,2,0
28.898999213210285,79.64192329648262,9.517448671582677,105.95706819687467,1,0
28.9299250287982,75.87486437492603,24.146798246020136,13.22704204183838,0,0
22.822745037879663,69.35870534730049,16.57017346925397,85.13020200723022,2,0
24.914729016578317,81.5420719989447,20.42224477834576,112.91337218260453,0,0
34.99573378976345,91.97472513799953,7.7957954721420775,68.23313856335517,1,0
17.08708960996915,90.8790416815042,53.51232868864408,52.62427292960702,0,0
18.942096180783384,95.15331346510555,40.50840366898009,14.806699080432145,2,0
22.32060717325093,79.24181535821377,37.96271272491605,84.75899390448541,1,0
12.034359617841538,75.37271012871217,52.53067359315697,22.754061162171155,2,0
35.572408524208804,88.3736745445094,17.88313251836659,13.538425747851921,2,0
26.395852451624926,96.98452119825329,6.288483899854327,60.32992514117939,2,0
22.511633225595837,80.54914494457144,27.461976309557638,25.85704415661448,1,0
30.352637929652513,68.08355629830282,51.53740112523777,23.13673700067421,0,0
31.843216717676274,92.66009203247697,12.719643281919485,79.22506437824529,2,0
29.184394467804918,86.78368196082472,47.774435733771256,90.7287411564775,0,0
16.56374284958315,71.96142620588401,39.09838562863659,88.89309751774735,1,0
26.7001455166471,79.4587963207336,42.79241299695706,24.70661771239232,0,0
16.33487829750181,78.66579364492844,3.485517124820987,14.26995326623189,1,0
23.770366108120882,70.89613781294916,41.28266663016083,29.78477714294337,1,0
17.783020856303686,68.56050129661043,7.462103940030613,50.2234783153176,0,0
29.3498123267621,77.57704060075575,54.363953141181916,32.73434840277533,0,0
21.45875962415161,95.94147798574006,31.14193680777292,81.62752982761543,2,0
30.445749966430114,90.41472297440734,31.277762859248337,117.14564497022641,2,0
24.685306694295125,70.21516340475222,22.954819414238127,44.760304445808075,0,0
15.701902155799576,68.50901853763224,17.598516646833883,93.0038829963219,1,0
14.474638179650693,86.61393880680531,34.23897743285609,68.60300896820621,0,0
26.747303507499986,96.25163887067436,50.82364961903397,3.8078007928179662,2,0
32.0631304883417,85.57825038307091,17.46865486711074,25.644295263011976,2,0
16.784556136162585,69.9051509096766,13.694121809621947,30.34583256238493,0,0
29.675887791304124,81.74048502354046,3.4706669668296364,114.97698631759626,0,0
14.935604555685048,83.39138330331824,39.05744010708436,77.70634979433889,1,0
18.60474169957977,74.5360567721962,11.749985048056201,17.755550918228455,1,0
32.56863873197387,77.13926413484404,16.574239498509186,117.8167455384413,2,0
12.752549689633984,86.64174852920505,48.59161124163517,113.74003470078718,1,0
16.42463066447119,81.62965977658016,53.40846824376088,85.21884068183577,1,0
28.012800188897458,94.98759734054957,29.838746770138343,28.399859564551246,1,0
20.053623413891266,76.75558430224756,45.665298361432534,43.157864016084545,1,0
27.708989649318127,70.21093732123337,16.48222890287352,97.02889341519524,1,0
23.85892958827866,73.22893012726057,27.5158766108304,67.74406114015149,1,0
20.920707523514835,74.06637849682991,2.998741719580724,101.39431002216702,2,0
31.001143345905444,92.75976272943535,14.518627819022722,115.31461008607077,2,0
22.448844014478915,79.79354802995891,57.18120127073395,63.18222629111433,2,0
21.30994090194166,94.66223473260752,10.56572827983568,26.46088760390019,1,0
36.45415726610654,73.5131218437281,47.555706977303,109.0399564597747,1,0
28.25102355959961,79.46097186298914,57.17380775986965,116.07926908969814,0,0
32.77243528388517,90.41958220922652,18.599996230307358,28.61273963923161,2,0
27.331413892351957,72.71829257044841,33.905118747165375,92.82360240645431,1,0
25.48886487894498,92.22682709442165,47.065251480205056,45.86127948922733,1,0
31.33784053770115,69.33564529150874,48.484756941349794,22.16868676183379,2,0
29.13698182582846,70.76657904208311,25.722121259186018,4.471201873786471,2,0
33.9446411297514,68.01284066167904,54.0829857985161,19.303035932351325,2,0
34.66639971502544,96.80439544726596,2.6946779397369514,91.55994289595165,0,0
26.427865724126157,70.630929364813,1.9570769004939903,7.866648481491964,2,0
24.7365549951113,78.35651361971458,47.25294515152675,30.86916460821373,0,0
18.398775384221324,87.04230113752841,14.423934773610414,23.799560542444265,0,0
36.25679492169847,68.79805636907204,50.38896972873186,90.4608885916521,0,0
9.044545730451365,73.08143139106899,52.006221270360015,34.614970533266174,0,0
20.510038814448166,88.8556370113925,33.7994785219828,51.87271792804529,1,0
32.35013001555492,72.1706161591296,25.806172591788005,108.54715104124192,1,0
33.884188597107766,80.16399182476209,46.8219301804129,57.68395226283076,2,0
23.79066730242761,73.92936569558664,15.318544590235899,36.1876662109509,2,0
8.951479099729644,86.44523159461909,21.86125430569392,36.133774496267414,2,0
22.700692700893203,79.87295008269354,48.65271486047511,100.4632854213514,0,0
29.075727500877704,90.4432804313493,21.15615635573149,99.14975489705662,1,0
33.40060942199465,83.63374202934425,16.948345582200222,51.60215406708558,0,0
19.362894935221497,83.85431509614628,31.921300739055106,71.26129968890051,1,0
18.50311138916312,88.97071994259407,12.033615064378974,25.225826928016893,0,0
16.81433285539579,74.68208320140315,0.08842932517868496,87.79203049647157,1,0
29.220017360362174,86.57843219127501,24.956634274911302,91.3292037717467,1,0
16.78499626357245,77.4335588866679,42.75727998591077,98.19675651417069,1,0
11.635337797979183,77.77197704580624,59.97263512314566,49.28438906519226,1,0
19.402660829809747,85.1284971858445,39.66085525483922,10.33624214173775,2,0
29.86106131650734,68.59946969786523,16.14117880789863,62.59395985654712,0,0
35.614431785230245,69.23024664799986,15.919568253328018,72.58491163667907,2,0
28.718300758066025,90.011153193136,6.150957843988467,62.148681240605356,0,0
12.990587649562523,96.200179972163,26.92881874479636,19.923975445091095,2,0
28.71547243631493,81.38976817058045,55.25967126579455,83.65685584314096,2,0
32.6636768280643,77.99351844897923,1.8514742584843469,7.175540642690894,0,0
18.014916615101747,77.73270317382544,58.711528103348435,102.92792962600329,2,0
30.176855102812095,87.46060323193751,26.119453287314172,66.36786280613236,0,0
19.035013586226942,72.72802477101614,47.17233913566348,88.39882791699539,1,0
8.465794084449179,90.68296662964613,7.462969874479459,95.90813590392673,0,0
36.13745618205566,80.6921785162979,14.098404299757165,84.87965019516243,2,0
28.4796023059374,83.49442600491659,32.444074027986254,52.121917285551696,0,0
28.835164472353952,93.0165736633262,10.755336714467402,96.20041432987809,2,0
35.62154638394756,74.57509408756893,52.760461210591686,97.24600816306108,2,0
16.983847917063876,76.41132042691066,52.28484205145126,81.05165631085886,0,0
10.055855700847275,77.07303166479878,56.11782591271966,102.2309510119767,2,0
34.27652475395655,68.35254637284422,40.44119514352756,7.168460095247753,0,0
8.574074092070378,79.32978121859223,11.48566082997255,49.98699979434759,1,0
17.687449004394306,89.24827246711813,24.271643134432182,9.134030836885076,2,0
18.31978801851713,70.43366653882146,20.00775561576063,81.62737251492055,2,0
9.640984028254753,78.8437103633716,56.66691496165821,77.36639327852842,1,0
29.271115648271014,71.36953773923793,46.85975361689949,94.44698857040581,0,0
10.939814029041615,76.05773050660166,16.579146507951215,52.41025238374621,0,0
8.332939132731957,81.05337926776951,58.6262539830944,13.27144212656102,1,0
11.285801637096462,79.70442906848615,44.27309909007637,84.84197693526599,0,0
13.928776644536859,83.07142362394003,4.442533074740879,73.05243763651416,1,0
22.00815122920781,75.78747892596061,17.247699893835005,79.15397155347229,1,0
12.174315493594694,85.26543017649952,10.326636169366662,111.13714273437382,2,0
20.480867741033002,88.17812685200789,27.481332700095525,11.95933513471538,1,0
15.754658807868697,68.43820984221978,57.90092216726831,30.856272437241195,1,0
21.06990777322848,87.48962512381534,35.01341803948911,63.56499012753705,2,0
25.33238019837839,93.11677337473905,56.80402373540373,13.602790724047159,1,0
25.755486372093493,74.17946525185944,56.34342575803123,1.7951733776426457,1,0
26.130938316382824,78.83308923038277,3.0293366647444753,75.67090204232925,0,0
24.90485564732363,75.33994463620866,27.01525476857342,114.95214079497426,0,0
32.35424659326837,73.46767756672828,40.34762988150173,117.26382757823427,0,0
22.4431713986492,89.54192427228317,19.622678649109066,106.91678603036506,0,0
34.52191125160821,80.58660820855401,15.522698529326458,52.693994961786565,0,0
20.713164420892078,96.89160630922143,13.750317072849727,66.0782399392493,0,0
15.018640319445439,88.70752897796568,5.483489179906584,24.713170039549297,2,0
9.450538727812255,94.43411750643418,1.770243308712356,43.36055286611893,1,0
15.853383513072204,75.1792333381167,3.7515777445707443,55.61392147502162,2,0
14.244987060094026,85.31577733541488,35.68819288066738,45.29184662720109,2,0
32.316263181447724,91.34761923637421,49.37902830250605,111.9925504677986,0,0
30.816315597356695,79.52599655007366,30.81666279265947,31.149503237099708,2,0
23.122021700839525,69.98530286067377,22.26677630580767,110.57122640713952,1,0
31.191844154980974,77.67459688184225,51.91160084386866,109.91560500522094,0,0
27.327428378278235,90.83422377581765,27.260725384059306,75.99941911528279,2,0
26.500673617857423,92.1756508901748,29.96590619201012,64.66803504727301,2,0
35.152138022598876,69.85618405165,49.484594240820456,35.793590139050984,2,0
25.36651660230373,73.83186309583735,35.413959549053565,49.508310099579035,2,0
22.24177615211179,94.88620823689439,6.323593086468313,91.96844664098502,1,0
8.333281725645344,79.85454057564483,55.44161222554397,14.313793369345738,0,0
10.044266423651194,73.38375444213605,39.8531630993381,105.92118280937746,0,0
31.96815461567711,80.93983540834877,48.350671957069984,1.9477641647086839,2,0
22.93516413158197,83.5310606315105,21.413158510266612,43.100909889635886,0,0
32.01538804118394,74.26574337109822,48.55946389711574,94.57657023431629,1,0
18.27832351499859,82.6633904492368,56.46724875202041,105.28201254393507,0,0
34.20319485954338,70.25158250367465,49.73227657517752,42.51791892997701,0,0
32.905686363876484,87.63128270690828,50.274502491108215,103.19294924258719,2,0
20.020965879686976,68.38427997161341,17.756573331519398,55.643518814174854,2,0
13.198344416439141,88.12453812479455,13.77588964523812,14.988604717876177,0,0
29.478158317936746,93.02619957062191,31.91334474045085,94.94243110922775,1,0
12.679521230606127,70.42307578781,1.1477379862372206,20.724033058861263,1,0
33.56821198764867,71.5233663415452,38.07835538924283,70.27511310175802,1,0
23.057512552625948,85.62482780977393,14.721138849972665,7.870126947788948,1,0
15.760423166989519,77.73454115813273,44.96342716806954,69.05755225822148,2,0
24.14947485199078,80.05747800217634,25.736660005808655,65.36769545673162,1,0
19.944077472107384,89.85424429162683,12.22002826636109,39.97870765643576,0,0
33.245282021812145,86.31114871533292,31.95024398495891,14.731962419291168,0,0
22.37540875672484,95.06068979784095,26.34573391504971,117.67183286217424,0,0
13.981311301248425,79.36392182245275,53.74048665712672,25.313649624477463,0,0
35.591818833044755,90.51818977687952,36.680196132998816,103.01975938094007,2,0
21.753395608331655,84.25967055322954,37.705587396875224,82.94716388763719,0,0
29.20817907139559,88.22098715256185,45.15829764431016,56.34157454777668,1,0
32.45645886584861,82.06774513940667,20.01770375021194,95.19542610837303,1,0
22.806292066870803,91.79736397262101,24.274119384241043,58.63698672868953,2,0
10.195292091983838,79.246956607591,48.2122595677562,108.31110939700122,1,0
9.942234748732874,93.44316314085232,23.36429633873252,65.46955474784002,2,0
9.930377109512463,86.80122221611077,4.446325354492025,45.680802487513546,0,0
36.687314864774756,74.71490464298641,56.55275638061431,6.097669059174477,2,0
14.38322845123784,78.1650954942987,22.35199642557305,9.176927649151356,1,0
18.859931599072493,78.71497608691003,2.7191567376536763,42.64344780402713,2,0
18.99756957823302,92.10966348043712,50.53953028499605,45.41569760912883,2,0
31.33034463052285,90.41147762541979,32.90514977961376,8.909135767376382,0,0
24.927694044209556,90.67683933758082,45.10481954375042,96.55724656298261,1,0
29.99655454657533,68.42421950745259,12.4345379861327,85.87506830191708,2,0
12.926549175471324,73.65428079710838,53.42457103315971,90.24735801579642,0,0
15.48869957031864,85.55694096772004,25.989786678909983,93.14201927040682,1,0
24.785395880846274,86.33934840552324,9.388602960216035,57.39662519381622,0,0
28.670552610288098,79.2001477916939,35.31029610953933,23.059360710818865,0,0
14.23246647405548,80.32067444317452,54.47031083301204,61.340097961907475,2,0
24.17989590937032,84.95537461480892,8.019034884631079,53.81924342213483,2,0
27.125812290582335,91.09100206569968,16.316762365106925,83.39071177286591,2,0
26.466089794285487,89.69875210862497,13.502512570252328,63.91820587271385,0,0
28.144587807918107,74.34275277693989,35.71819595564934,32.49156820411753,2,0
30.526924018809588,91.82779005589137,27.691375655316406,118.01337316139762,1,0
28.269516026134184,78.68206920003618,25.940773584200837,4.706742042413537,2,0
15.65612614882451,80.04198819768717,53.30784659537524,99.09490013363303,1,0
27.338574347864085,77.36779302686872,53.87515121745995,106.68606448315026,2,0
34.12786597502357,96.88857253146459,49.52493984743688,101.53969038287225,2,0
31.568694976898797,88.49829781763569,58.03581525158193,99.3715948378162,2,0
35.073561420271794,91.23909176434044,40.45553052038995,1.6805111819339253,2,0
15.003398072449167,69.17017397893129,24.671491079675157,16.47959970964469,2,0
18.452377987103098,90.72840928118185,33.97084147350425,38.22058071603213,0,0
14.72852722895551,68.41706193609046,45.86120318618564,75.22542709881708,2,0
32.27646920708891,85.9662598010528,33.80372104275841,75.32907172562926,0,0
19.66771370188265,79.32721461987168,4.1596998232658855,76.96034653522736,2,0
20.826520358082924,88.5145130009549,23.35382830150731,28.23618003553638,2,0
33.183912850300075,78.99470209289376,22.289156619566054,74.60471998746408,2,0
14.137441058525976,96.87330217546761,58.86707447207614,78.29156263518624,0,0
21.37384013636339,95.25802196712485,30.240225815779564,113.95488248852608,0,0
27.568802762854904,87.64841680262685,22.387357105343014,113.06134641230564,0,0
26.31766193740386,69.57733170714702,38.655403419048696,116.93547084322597,1,0
15.983358190103946,72.52999049191203,38.15641960960265,72.31695182059309,2,0
13.920830215879047,69.22792608439913,34.783569425833484,54.896417361845685,1,0
12.922124428730772,68.55520117190827,46.746155183747206,73.5539935931613,2,0
21.15379099776219,81.19130084128318,41.142032576018636,109.31535114926304,1,0
19.654728796831172,72.45704024248194,34.356433972921344,33.964490394791476,1,0
24.91253332403583,85.19236523473519,21.2954796526206,7.186732885347191,0,0
20.276719180442726,70.4523959648199,36.41081733240835,105.83578767111923,1,0
27.112316893834738,74.125723112715,51.77980988153232,106.44511880227178,2,0
29.38535648734964,76.30906691888657,48.15841874117578,119.67131008852871,0,0
34.023610107937024,86.05628547436109,58.40295714988927,56.33613258564488,2,0
30.50143445141187,71.71017081084172,20.850424945510863,52.811843894912535,0,0
27.409949665694498,93.86489999444032,18.36308781136728,66.67337923412109,1,0
10.060011782276062,74.11299994495083,13.761946622260341,56.823758114661864,1,0
35.32912016606603,70.16981495065421,26.30740291503469,64.05587006953462,0,0
30.019482700635734,96.0650824928173,26.384429190474513,34.12584931785614,2,0
17.461363623193257,76.6821178374551,13.950359532469871,16.431798408684006,2,0
18.602275329115038,78.25720391084128,18.148741750075594,117.06941998042409,1,0
31.461685568458616,72.26073578392935,20.558708791351293,103.89441170111867,2,0
15.869612942631306,70.85890488364996,49.75885404754557,85.09438850764629,1,0
31.310341824020778,71.97730615642955,34.8419450732571,61.155542486393806,1,0
17.039005026936202,68.09108627539554,10.454604098722772,105.17326938949827,0,0
21.32793765919507,76.88744057324179,49.34287267112126,7.780468512686825,1,0
21.294511299811703,89.02517621267444,34.45725450541266,80.39826812610754,0,0
33.003886236087475,77.10238940495165,32.28136232183418,100.97286133426479,0,0
30.189649535686222,95.27215701172166,0.949390319809249,63.20845684586251,0,0
29.507602103245226,82.28450305184563,28.99085179882011,100.74942010873427,2,0
11.39334002088044,91.19181949494288,7.393954542979491,84.12514439988732,2,0
30.110961801571186,71.65405880805584,11.785152952321043,114.22193425390795,0,0
22.794303033233376,89.35095449388116,30.77382333112856,104.48312381449851,1,0
14.664975048130934,84.0272057655257,22.330395314813828,79.73840389587349,1,0
11.817954075004494,92.78640005270273,9.918137168277676,102.65703389068295,2,0
13.302295616195696,91.94561759525934,17.14245405965342,111.32773004186947,2,0
24.56655362817582,72.14703255730606,22.472894602774875,95.93013933843747,2,0
33.92557094636186,77.78692944457205,43.76782618989982,69.21356013950138,0,0
13.078571063780243,87.51017381796153,13.230255806138826,26.966696611708496,1,0
23.136637100878353,85.07905917342136,45.10057032137516,75.19386183179627,1,0
30.985249583064906,86.19253911762966,45.01594583633054,19.093779523514524,0,0
24.075786755870002,73.78565413295864,17.63694606101385,29.21308031356347,2,0
9.16171445247014,76.45236649132002,12.452456172342208,29.33945178621786,2,0
25.108488601252454,68.18662113340707,46.350977164764245,84.59611264902779,2,0
22.130695268901473,80.46957120951073,35.81464143279937,119.94736668680218,1,0
19.53810538750539,91.99903851594736,10.242501798748812,4.625178670766255,0,0
9.318122512638084,86.7514128745112,13.604471064416675,80.73387199910044,1,0
30.433029514081728,71.57862364096229,37.5793410993717,34.138016742378724,0,0
20.70717978420199,92.33623145442866,9.64077508271071,3.9716277919289023,1,0
14.24952200715898,77.74420471071315,27.94095250573677,93.03234468608771,0,0
25.64126550022538,76.15044275483979,10.409763021301321,46.190431227398776,1,0
19.37071373023261,89.77231982712061,7.529177807949042,92.95979894014441,1,0
27.64440076677731,84.40766509038889,55.74868303270124,47.09137963906237,1,0
17.22343760397664,89.73335417344344,25.866744305820298,11.418291019305892,0,0
14.798342400333926,78.00742861988378,1.8062323326791363,115.41758662431934,2,0
9.203475848309303,86.47574632390884,35.83754522120816,78.75263631896298,1,0
16.573981706762073,85.96886188140274,35.977654107595285,61.25330681315787,1,0
16.046475712023668,76.16686522106332,57.80161922676228,2.2238550163473514,0,0
28.481138714102602,86.05799668754412,59.40653076521195,38.1136528558833,2,0
12.125401953527646,77.08173285306353,50.97205292927408,11.589776067905252,0,0
35.12905089229737,73.38625908815038,22.35053589320795,111.5070368917319,2,0
10.678455315229977,72.72093868698065,35.71277004761249,18.9062002497137,1,0
21.014585315843828,94.48374773222224,11.363605073090765,1.5981597605665705,1,0
27.195495346473333,89.78413697166724,413.8538289484695,431.15644507763534,2,1
16.533735362476314,71.32911089028713,479.53651859955437,513.6824697461068,2,1
14.160971038668716,87.24218422349011,293.91912110889103,360.9625037197247,2,1
18.346292637074907,89.96646891807082,253.27532224250828,319.5428541036123,0,1
20.761683348772564,89.16164528842525,479.07728194994974,441.51879677163845,0,1
31.852344829416584,73.02694853628314,320.036100119421,246.76941421015658,0,1
22.291767951451913,76.69832002353365,358.62868433340714,373.5375691420977,0,1
24.924546073234893,79.31348680596184,274.2960767138344,218.09967560755513,2,1
8.44012958631798,84.8610960618786,187.0486325572681,549.2077576118864,2,1
28.291007362702544,79.9148556633744,346.202933150367,577.0636707866522,2,1
15.364195385787188,90.61966148040578,184.55802240893306,230.26444156164433,0,1
11.442563769764233,96.43647858476098,225.14356061217438,226.89367203622447,1,1
29.42713363685795,68.94085993536842,380.55117355445776,412.9167503805818,2,1
13.0031924314445,84.47125462216633,253.72516472965094,575.3262914605264,1,1
20.282889563764996,91.01354898162525,161.12246952506356,512.8203077055033,2,1
12.184966820926487,71.35533822722876,159.53750418278528,409.43459408858115,1,1
14.569127155047067,85.80513888343174,238.50034138753892,431.05270173776904,1,1
34.034563428782036,89.61020536571881,176.7539513638067,558.3536724770638,1,1
31.365721244378317,77.51720500113075,223.1707807973961,233.87533675012273,0,1
18.391705043478538,94.47388089736069,347.990860249352,273.06895369586726,0,1
24.717700689174862,90.09462474401087,423.52697670976374,310.3029617765125,2,1
8.48593283027909,87.69677538483391,176.79889045173866,368.3044807063703,1,1
8.94711276275038,81.79228956283823,292.7118367509563,264.487524790049,1,1
36.16337631368029,84.30347552087123,400.163646755381,227.38018102640672,2,1
22.856710059725337,90.43359095019089,165.41413278596252,477.33406149388264,2,1
18.2853199445674,83.9692380037847,291.1227146466383,533.4576041900689,0,1
20.707124783324304,94.078550408816,486.7915063132048,377.64609859853294,0,1
23.418169689170007,83.59570510749992,247.33483027322475,286.7824983455518,1,1
13.271587149303496,72.54756845418737,439.5557524080361,216.766086686503,0,1
14.38257162927021,83.03000911698174,398.54016821804777,238.29162189775892,2,1
29.21310443139036,95.78542225866357,227.1561014858966,554.472708851738,2,1
19.00888616909844,77.18101603735089,249.99485791566758,236.54964194416368,1,1
23.407526532177027,87.64570406562054,299.9602663470784,492.59858561725565,2,1
33.91424300705381,87.0835945319754,152.82068616974192,577.269929184514,0,1
20.507749483889423,78.99217407610801,470.27125638102785,300.46770701936055,1,1
15.235589310799512,83.87667320600724,246.0346118209056,560.6332021148271,1,1
17.43112469201013,69.13881301300792,245.19951187052462,202.55161736263628,0,1
28.20415823166571,77.40602842315661,231.8639260152712,284.3544910723152,1,1
31.79237778751158,80.77663231235691,196.3416147237591,352.9009007909833,2,1
15.711925068331444,96.7196368100158,159.0193595675229,441.4115226004484,2,1
21.329873770127598,80.49853315570384,256.5723864621328,279.23820668811584,1,1
26.05984869395539,74.45760629456946,257.5257459574448,418.58341669124974,1,1
30.512423847962488,71.78453665939834,347.8969886627099,376.9009106078237,1,1
34.04097475858587,70.4397022055221,287.58636764579035,240.09822548915065,0,1
9.519347572250975,72.62912214153285,267.4681455422691,230.72297642771252,2,1
8.687524855691032,92.21346896513771,491.141708616993,254.18381471787632,1,1
33.18387619446109,94.86745014072936,296.86958398238363,220.24898890762967,2,1
20.18011814836074,68.28091959948806,450.28428182027,492.4629377819669,1,1
30.666848896695573,77.09748884950989,236.75567555494825,479.0865230213172,0,1
24.420235456825882,68.18146665976764,171.65999558816634,414.1471764726605,2,1
15.873268073738629,94.22305545081939,281.15268967758175,419.9474251104821,0,1
32.13854265016886,91.36381535553691,228.5114955987342,290.4316284042251,0,1
10.540147624772445,70.60757110093137,217.63729533195885,220.22367518381557,2,1
33.24996520826574,70.42222252572054,223.8940798953131,500.9873350345977,0,1
33.248382563021224,90.01352104411352,404.63523057878325,393.7564742403397,2,1
23.368277020976755,72.67965339326311,350.1985573992575,522.1729317199945,2,1
34.41327745812458,83.87503037101204,406.8668819506543,338.62350392661904,1,1
19.845211860845993,87.71121928816702,169.8381512580424,213.86908169042655,0,1
17.788441510630747,91.28268506087083,236.28196697329406,590.4130794400814,1,1
17.7820176703856,77.04544526056445,192.73903057350077,244.45485893280497,1,1
14.975415970224313,87.4991314554594,439.12263959189994,469.2368523644868,1,1
19.51277270401675,72.53319215055697,408.28283158915724,344.18980205662155,1,1
9.013238145773665,96.7029359888707,160.50746625217516,377.81130122006385,2,1
36.66420882494095,96.34111804442696,427.8363363678139,463.76918483279906,0,1
22.705390297747734,86.49915436203588,494.8110942817362,507.2021741252839,2,1
19.92452380021524,80.39710716861777,265.59963362572955,425.6927266738144,1,1
8.682442338008864,80.45906305300848,247.62832662571685,251.66977809724415,0,1
30.60598434129784,68.46981152284455,436.4331486728373,216.0555436341466,0,1
22.27473714028984,73.65526043271986,378.23257165857774,512.3677425544362,2,1
15.337763886687345,93.1013091119939,185.99490725511686,250.3820785517433,1,1
27.541328049830135,92.55972950843963,263.5152820730313,470.59349980824175,0,1
35.37392022081728,90.20904213781239,151.89172328543447,200.53850838262548,1,1
12.158465730315884,68.53319812239633,312.42334129157666,577.2247589627887,0,1
26.134574928679164,89.66526974674184,226.5498611172887,223.97732034452332,0,1
25.57391205085974,92.63394578054633,165.74888743239853,493.6605036166585,1,1
13.32011963335665,85.23011401993728,293.9810999944063,250.55456896226684,1,1
8.396790028059751,70.36636288014031,240.5070568971744,211.14089632842976,1,1
20.365552347247053,83.89621087911264,211.12651506371535,318.37281177464644,2,1
31.36025149370565,79.53864109115366,432.0926153036543,436.80673711562514,0,1
8.715840559512953,78.51985441157541,341.34371490371893,535.9281408813954,1,1
31.205984082823793,93.02726233594959,202.74062045029183,540.6377277216876,0,1
16.507249221789287,83.2386389133209,394.2414749268095,560.1056444808282,0,1
16.928705078471232,92.28839418820561,365.07002212907094,432.4781694883826,2,1
8.032250731689436,75.88668222254776,226.2619828693604,464.7338340455993,2,1
25.21038009843699,68.47105985307415,405.07231905772665,329.4121649941966,0,1
32.28062720701675,71.69371472998856,194.19489798770616,525.3737929297056,0,1
32.11403166025448,94.63352872036518,377.42581636750486,241.37364594419336,2,1
29.13923680304956,90.61480563629198,191.376517801881,200.01228753815298,2,1
17.359070609072514,84.0763437552747,201.8761117347636,236.8395016798359,0,1
35.77131774190505,84.4066035677854,330.06146470896294,234.02255419569644,0,1
19.13723651334191,87.32176798289211,496.0924359862076,290.29108953565094,2,1
21.921373941992485,72.0024491235815,178.36351366276986,531.8891465286497,1,1
20.87900315029194,83.42428122864548,455.76648505802535,598.2275601962751,1,1
21.45061324210272,77.28079218030936,316.7614449337898,327.32163787693895,1,1
27.502710617535826,87.78355898839786,260.33380212730776,253.28396965465146,2,1
29.416670476805045,87.3318954615018,191.84669921321975,429.05714124623387,0,1
31.31877441937419,80.35219354554124,498.1394578187705,237.00017517558553,2,1
13.412558254132794,68.74499970121283,249.58948498692683,377.2134825350478,0,1
31.098747071987543,74.7436986170048,229.11161887602822,420.42038131797295,1,1
11.133292221915806,81.87624103310849,354.94730507765564,416.5497683629753,2,1
32.14009831889733,96.28871782110663,315.9575036951952,226.67755256217953,2,1
26.495450113522153,91.78195755961383,164.55263594630782,399.2519774192169,1,1
15.317045885020924,76.92535625350132,364.77326604628433,559.1741173774948,2,1
11.934961215976099,93.91542234703788,176.12345087780008,563.094173271005,0,1
28.312522175538614,90.3429694111457,268.0559927636202,576.6307410935735,0,1
8.607089416975265,77.15742138623538,169.90848922217629,506.6109264886509,1,1
16.78750770247887,96.02987798001038,369.8418359352501,572.2569905407839,2,1
21.171326219364474,79.9561121071183,477.1554704209053,300.3516399562801,2,1
17.221493988869714,84.81220381789157,270.9687477517405,526.3077618540428,0,1
17.839852751977457,82.6720179752672,206.67305232127478,463.2408872225968,0,1
11.083781623098588,71.31005910997933,479.36689101343194,549.0620288704222,1,1
33.61493444136049,80.02994401011921,285.5460439986945,463.87610917218973,1,1
26.798770595427534,69.78194241379283,434.8031703027796,576.201581151761,1,1
11.925307614225238,73.73153739714277,213.18137993734825,304.98823404850583,0,1
11.225053672808343,93.17690956446862,254.0765359579653,265.01519498748314,1,1
9.104502717380258,85.97908838135076,394.3694507367749,285.9666125546877,2,1
25.261662248862645,93.28547877713466,351.9435643461886,338.1923414893783,2,1
16.56856981417602,83.3691398896212,387.4371599260546,437.1083763480739,0,1
19.493066139448395,76.5934482550942,200.21430995630703,260.5782087741429,2,1
18.774848828276355,85.81760021550839,333.28219561911374,327.649395928185,2,1
22.572235427981028,73.82235826794368,260.253630331856,516.5639002027903,1,1
18.434028712813685,76.90219618406152,218.3190076001589,471.3964674602325,2,1
33.37887494001341,96.15726723853393,212.00373312791896,488.82642568151414,1,1
21.61604129502338,80.25702497987979,498.4732417581829,204.19745645597777,1,1
21.957060585357873,91.48057605171078,482.68648733404314,208.82645947291633,0,1
33.34237371010953,68.37430961144877,229.34172822622327,426.7571184998144,0,1
20.755813551701213,86.6747408039808,283.33314575821623,221.82616331307958,2,1
13.489225731564273,81.32061178321574,413.24504484024993,562.2155351715604,2,1
13.709748281494823,80.79336601468833,219.79405921548727,305.7887266668763,1,1
31.193717568927717,84.08592371886265,439.0763079925057,452.58351703320824,0,1
20.916209253358296,68.42244748778708,236.58991147042101,546.5169743928725,2,1
25.547596037675614,74.39414154302773,368.9777762995468,428.64305979317754,0,1
31.768677038908194,91.92075925712601,425.70976590582944,313.3456275564473,2,1
14.576406134269725,87.32913732409801,178.0370043133608,376.73348192078186,2,1
12.145865450421812,89.52651260693762,235.45656305065356,439.20364693149986,2,1
32.78936758517858,95.62004387390266,459.24765492956664,308.24799787743865,1,1
12.21447408019462,82.66520556965985,171.714495934794,228.4622715511639,2,1
23.093032720793293,96.84287768202253,220.64464237731534,303.2415716641874,0,1
9.412150603597963,70.84222285864149,165.4230515496335,274.110740133416,0,1
26.721593261395412,69.3219695805114,481.08981144595975,536.8661506601525,0,1
10.23843837656757,72.92672512335267,194.43054481424042,249.31351171957874,1,1
15.129575832308609,78.3860517793452,496.3268666845129,473.7256995701379,2,1
9.362216741846055,94.9135007566366,181.89922380563715,314.36021350848097,2,1
8.121435865210778,87.4425956801106,374.6368308805024,364.3155239998447,2,1
19.99668169057255,86.93621473533024,352.8666840298478,208.88739281023217,0,1
10.854301483939693,95.74489258279115,359.77590376475797,491.4625136946411,2,1
19.40126675532644,74.87079582300498,183.93798483789865,271.6126549766335,2,1
14.025719207889052,85.04321353033883,189.32756868214497,332.7945885730811,2,1
20.674494133423444,86.20461703202275,376.61027926094107,537.5020175949174,2,1
14.979444927957438,93.35491268997534,440.717966151127,289.86295905670664,0,1
26.290805890265947,89.45080403513013,364.29651799285534,206.67032539593566,2,1
17.691588711020188,89.19524002750865,297.003851503482,431.34390524661603,2,1
23.134645516580353,69.97122569476271,213.42894636739834,582.8787854076938,2,1
12.059633924931124,80.05873847253392,342.00594526914097,361.09579389873227,2,1
24.488015412533752,69.71613508404272,371.4809137315274,507.56801782846736,0,1
11.857284168312535,72.60336613785498,482.2455871859659,551.8405986847048,0,1
36.75445049899421,74.04114631024702,274.4037680774216,467.68761196994666,2,1
28.32104011724365,85.08158263844643,478.5326846526803,339.94175367234175,2,1
12.682277187862962,81.68045528803474,343.71512167344747,428.1147754925562,1,1
10.005453463836535,91.99746350743453,239.08919002258142,389.21100133720824,2,1
15.573710542814947,88.15364046094838,348.58683045462567,518.4974437825549,1,1
22.88207738617904,71.78463222948575,304.18870595554813,326.9221909681946,1,1
20.15388471459547,85.37967932318527,329.7977493253567,315.2738103838118,1,1
20.049907828799913,94.33243759187425,234.90239312583878,236.5235210178681,2,1
24.960006527867936,95.3027528876759,211.04324348902483,388.65979630023816,2,1
26.144775455579225,83.96541873729055,292.5779334744913,408.55080858949646,1,1
26.62050871321957,75.99056044708469,323.08239379214274,248.6781226906689,1,1
33.829095208393426,85.31141147898201,433.5563814858959,371.8693453420592,1,1
34.47820253980582,84.59156594794399,213.27480269683284,307.5190460120793,2,1
19.157244718715905,80.64386023654698,357.91731294838394,435.8613980606191,1,1
25.847202614804228,70.36567284272961,180.725882970356,268.73178414306335,1,1
28.732086488648097,84.79035175007022,155.113148988109,344.15019694526825,2,1
8.402001941472943,86.83198578686205,384.1067858642399,519.4623121426546,0,1
8.583997619529406,72.45972745988327,460.1599529195976,383.4074248748061,2,1
27.227788907971274,87.69293153037349,476.1091411607779,598.7797669646679,1,1
14.043587634931617,71.8549132385315,373.47107467969744,327.897278163078,0,1
11.99126229755248,68.02695308922887,466.12826957064755,209.84719353649544,0,1
27.571902888570488,74.93292513817586,415.31414735392576,504.0022179848394,1,1
27.733904413206844,95.0192412367539,367.1299382433024,521.5020944047051,0,1
35.10177254074995,76.79818076524487,423.6618195489114,506.3434575538968,0,1
12.404698997762278,77.52818634668816,169.06311657839316,272.983216260996,0,1
29.14998421383898,84.67675663030562,222.3862625966887,401.78237666774214,1,1
12.269585157904991,73.99084947043164,259.64326680321363,454.4273681408903,1,1
19.754435458761648,75.80568555875725,219.5210648516542,513.3548879983354,0,1
18.736733384852727,89.78708880683924,463.9483512775439,538.4496842120926,0,1
27.073768271002653,86.60548843386483,158.94942968140714,515.1880534363727,2,1
15.755043075691123,91.55933100139838,178.84209015168187,439.9871433044264,2,1
33.389170861481,76.77152320638262,450.54434243560087,542.8923749479164,1,1
15.937255272672758,94.44274023189666,184.12769236235633,541.3316866235151,1,1
17.616888624127185,82.5168002054941,376.0037651728688,404.22816349140146,2,1
16.875367820634374,69.84685825757299,211.99450046938892,202.05585103422413,2,1
35.61921581956301,77.53585591760967,381.809808555752,500.73005838267244,2,1
35.42674136455197,77.07466689283585,450.4772590930441,252.6747613744828,0,1
25.337359618524864,70.37700630466621,376.39303012423335,449.9918993504141,2,1
12.896895437741456,69.5554089541041,401.11274671416925,390.1902860930935,1,1
10.55641258596269,73.64151596188604,437.1932487395016,470.657853927939,0,1
13.48667797932029,88.89113595900693,328.88977347132516,441.72519289612796,2,1
30.99882782274902,96.45600632620841,476.3711232564306,573.5463771384996,2,1
32.32676199521799,87.45937643545439,393.9584581015048,345.19313616154864,0,1
16.823014050988675,72.03815849322918,364.20298548580934,322.520398755015,1,1
